{
  "sucesso": true,
  "caminho": [
    [
      -22.9198772,
      -42.8249467
    ],
    [
      -22.9199114,
      -42.8248686
    ],
    [
      -22.9199475,
      -42.8248108
    ],
    [
      -22.919985,
      -42.8247601
    ],
    [
      -22.9200366,
      -42.8246983
    ],
    [
      -22.9201156,
      -42.8246186
    ],
    [
      -42.8246186,
      -22.9201156
    ],
    [
      -42.8239332,
      -22.9208368
    ],
    [
      -42.8237858,
      -22.9209955
    ],
    [
      -42.8233953,
      -22.9214535
    ],
    [
      -42.8231701,
      -22.9217175
    ],
    [
      -42.8230229,
      -22.9218552
    ],
    [
      -42.8228846,
      -22.9217421
    ],
    [
      -22.9217421,
      -42.8228846
    ],
    [
      -22.9218604,
      -42.8227866
    ],
    [
      -22.9222166,
      -42.8224915
    ],
    [
      -22.9226217,
      -42.8221723
    ],
    [
      -42.8221723,
      -22.9226217
    ],
    [
      -42.8217727,
      -22.9231306
    ],
    [
      -42.8213207,
      -22.9237149
    ],
    [
      -42.821247,
      -22.9237865
    ],
    [
      -42.820842,
      -22.9242658
    ],
    [
      -22.9242658,
      -42.820842
    ],
    [
      -22.924309,
      -42.8206985
    ],
    [
      -22.9243745,
      -42.820508
    ],
    [
      -22.9244251,
      -42.8203605
    ],
    [
      -22.9244289,
      -42.8202161
    ],
    [
      -22.9244664,
      -42.8202127
    ],
    [
      -22.9245396,
      -42.8201992
    ],
    [
      -22.9245382,
      -42.8201764
    ],
    [
      -22.9245369,
      -42.820103
    ],
    [
      -22.9245386,
      -42.8200679
    ]
  ],
  "distancia": 758.7556256838911,
  "nos_count": 16,
  "coord_duplicadas": 0,
  "debug_info": {
    "total_coords_original": 32,
    "total_coords_final": 32
  }
}