{
  "modo": "walking",
  "distancia": 3824.839597759926,
  "coordenadas": [
    [
      -22.9193105,
      -42.8190745
    ],
    [
      -22.9193367,
      -42.8191436
    ],
    [
      -22.9193505,
      -42.8191799
    ],
    [
      -22.919557,
      -42.8197098
    ],
    [
      -22.9196465,
      -42.8196727
    ],
    [
      -22.9197066,
      -42.8196533
    ],
    [
      -22.9201364,
      -42.8195052
    ],
    [
      -22.9202275,
      -42.8194738
    ],
    [
      -22.9203255,
      -42.8193711
    ],
    [
      -22.9204666,
      -42.8192233
    ],
    [
      -22.9205878,
      -42.8191778
    ],
    [
      -22.9207652,
      -42.8191059
    ],
    [
      -22.9212972,
      -42.8188905
    ],
    [
      -22.9213662,
      -42.8188625
    ],
    [
      -22.9222356,
      -42.8184928
    ],
    [
      -22.9223028,
      -42.8184678
    ],
    [
      -22.9224443,
      -42.8184152
    ],
    [
      -22.9224983,
      -42.8183958
    ],
    [
      -22.9227794,
      -42.8182663
    ],
    [
      -22.9228533,
      -42.8181854
    ],
    [
      -22.923057,
      -42.8179438
    ],
    [
      -22.9231106,
      -42.8178739
    ],
    [
      -22.923175,
      -42.8177798
    ],
    [
      -22.9232149,
      -42.8177168
    ],
    [
      -22.9232549,
      -42.8176324
    ],
    [
      -22.9232937,
      -42.8175402
    ],
    [
      -22.9233394,
      -42.8173967
    ],
    [
      -22.9233659,
      -42.8172391
    ],
    [
      -22.9233717,
      -42.8171567
    ],
    [
      -22.9233829,
      -42.8169994
    ],
    [
      -22.9234896,
      -42.8169627
    ],
    [
      -22.9240169,
      -42.8168308
    ],
    [
      -22.9241201,
      -42.816766
    ],
    [
      -22.9241939,
      -42.8167271
    ],
    [
      -22.9242749,
      -42.816666
    ],
    [
      -22.9241034,
      -42.8163694
    ],
    [
      -22.9240095,
      -42.8161984
    ],
    [
      -22.9237082,
      -42.8157474
    ],
    [
      -22.9238472,
      -42.8155325
    ],
    [
      -22.923941,
      -42.8153905
    ],
    [
      -22.9240928,
      -42.8151611
    ],
    [
      -22.9242596,
      -42.8149317
    ],
    [
      -22.9244134,
      -42.8147284
    ],
    [
      -22.9244869,
      -42.8146313
    ],
    [
      -22.9246221,
      -42.8144543
    ],
    [
      -22.9247485,
      -42.8142706
    ],
    [
      -22.9247865,
      -42.8142132
    ],
    [
      -22.9247991,
      -42.8142217
    ],
    [
      -22.9248135,
      -42.814226
    ],
    [
      -22.9248283,
      -42.8142257
    ],
    [
      -22.9248425,
      -42.8142208
    ],
    [
      -22.9248549,
      -42.8142117
    ],
    [
      -22.9248643,
      -42.8141992
    ],
    [
      -22.92487,
      -42.8141843
    ],
    [
      -22.9248717,
      -42.8141682
    ],
    [
      -22.9249391,
      -42.8141417
    ],
    [
      -22.9250403,
      -42.8140927
    ],
    [
      -22.9250639,
      -42.8140813
    ],
    [
      -22.9250875,
      -42.8140699
    ],
    [
      -22.925168,
      -42.8140268
    ],
    [
      -22.9251829,
      -42.8139991
    ],
    [
      -22.9251898,
      -42.8139743
    ],
    [
      -22.9251919,
      -42.8139496
    ],
    [
      -22.9251926,
      -42.8139263
    ],
    [
      -22.9251716,
      -42.8138996
    ],
    [
      -22.9251505,
      -42.8138729
    ],
    [
      -22.9251384,
      -42.8138463
    ],
    [
      -22.9251327,
      -42.8138277
    ],
    [
      -22.9251286,
      -42.8138091
    ],
    [
      -22.925127,
      -42.8137861
    ],
    [
      -22.9251319,
      -42.813737
    ],
    [
      -22.925171,
      -42.8136798
    ],
    [
      -22.9254031,
      -42.8133404
    ],
    [
      -22.9256212,
      -42.8130088
    ],
    [
      -22.9257887,
      -42.8127618
    ],
    [
      -22.9258598,
      -42.812627
    ],
    [
      -22.925974,
      -42.8124252
    ],
    [
      -22.9260234,
      -42.812279
    ],
    [
      -22.9260506,
      -42.8121087
    ],
    [
      -22.9260494,
      -42.811925
    ],
    [
      -22.9260185,
      -42.8117667
    ],
    [
      -22.9259864,
      -42.8116205
    ],
    [
      -22.925974,
      -42.8115079
    ],
    [
      -22.9259814,
      -42.8113416
    ],
    [
      -22.9260074,
      -42.8111967
    ],
    [
      -22.9260666,
      -42.8109849
    ],
    [
      -22.9261741,
      -42.8105839
    ],
    [
      -22.9262024,
      -42.8105042
    ],
    [
      -22.926275,
      -42.8104211
    ],
    [
      -22.926323,
      -42.8103583
    ],
    [
      -22.926375,
      -42.8103062
    ],
    [
      -22.9264279,
      -42.8102774
    ],
    [
      -22.9264818,
      -42.8102615
    ],
    [
      -22.9266054,
      -42.8102583
    ],
    [
      -22.9267855,
      -42.8102767
    ],
    [
      -22.9268584,
      -42.8102607
    ],
    [
      -22.9269238,
      -42.8102137
    ],
    [
      -22.9269646,
      -42.8101493
    ],
    [
      -22.9269943,
      -42.8100327
    ],
    [
      -22.9269955,
      -42.8099026
    ],
    [
      -22.9269584,
      -42.8097779
    ],
    [
      -22.9269152,
      -42.8096733
    ],
    [
      -22.9268544,
      -42.8095483
    ],
    [
      -22.9267373,
      -42.8092937
    ],
    [
      -22.9266151,
      -42.8090067
    ],
    [
      -22.9264202,
      -42.8086233
    ],
    [
      -22.9263508,
      -42.8084841
    ],
    [
      -22.9263184,
      -42.8083349
    ],
    [
      -22.9263202,
      -42.8081998
    ],
    [
      -22.9263349,
      -42.808118
    ],
    [
      -22.9264994,
      -42.807716
    ],
    [
      -22.9265891,
      -42.8075114
    ],
    [
      -22.9266041,
      -42.8074364
    ],
    [
      -22.9266311,
      -42.8073008
    ],
    [
      -22.9266595,
      -42.8070796
    ],
    [
      -22.9266867,
      -42.8068462
    ],
    [
      -22.9267114,
      -42.8067349
    ],
    [
      -22.926746,
      -42.8066491
    ],
    [
      -22.9267942,
      -42.806582
    ],
    [
      -22.9268436,
      -42.8065203
    ],
    [
      -22.9269276,
      -42.8064586
    ],
    [
      -22.92704,
      -42.8063822
    ],
    [
      -22.9272672,
      -42.80624
    ],
    [
      -22.9274031,
      -42.8061327
    ],
    [
      -22.9274994,
      -42.806004
    ],
    [
      -22.9275377,
      -42.8058766
    ],
    [
      -22.9275538,
      -42.8057519
    ],
    [
      -22.9275688,
      -42.8055003
    ],
    [
      -22.927581,
      -42.8052972
    ],
    [
      -22.9276096,
      -42.8050794
    ],
    [
      -22.9276415,
      -42.8048367
    ],
    [
      -22.9276603,
      -42.804816
    ],
    [
      -22.9276719,
      -42.8047897
    ],
    [
      -22.9276709,
      -42.8047384
    ],
    [
      -22.9276438,
      -42.8046964
    ],
    [
      -22.9276105,
      -42.8046797
    ],
    [
      -22.9275785,
      -42.8045985
    ],
    [
      -22.9275093,
      -42.8044617
    ],
    [
      -22.9274784,
      -42.8043883
    ],
    [
      -22.9274698,
      -42.8043679
    ],
    [
      -22.927448,
      -42.804323
    ],
    [
      -22.9273228,
      -42.8040648
    ],
    [
      -22.927287,
      -42.8039521
    ],
    [
      -22.9272598,
      -42.8037938
    ],
    [
      -22.9272563,
      -42.803513
    ],
    [
      -22.9272556,
      -42.8034836
    ],
    [
      -22.9272485,
      -42.8031958
    ],
    [
      -22.9272166,
      -42.8029034
    ],
    [
      -22.9272086,
      -42.8025857
    ],
    [
      -22.927197,
      -42.802281
    ],
    [
      -22.9272135,
      -42.8021661
    ],
    [
      -22.9272377,
      -42.8020966
    ],
    [
      -22.9272775,
      -42.8020091
    ],
    [
      -22.9273407,
      -42.8019269
    ],
    [
      -22.9274843,
      -42.8018341
    ],
    [
      -22.9277203,
      -42.801696
    ],
    [
      -22.9278785,
      -42.801618
    ],
    [
      -22.9280271,
      -42.8015632
    ],
    [
      -22.9283106,
      -42.801502
    ],
    [
